SampleName.LabID,S12_7926132,S14_4626854,S1_24197219,S1_24155522,S1_2142358
KW_2000_095.A07681,Uncallable,A:G,T:C,C:C,T:T
BDS_96_185.A07690,Uncallable,A:G,C:C,C:C,Uncallable
TME3529.A07528,Uncallable,G:G,C:C,C:C,T:T
IITA-TMS-IBA051632.A07876,Uncallable,Uncallable,T:T,A:A,T:C
P8_P2B2.A05772,Uncallable,A:G,C:C,C:C,T:C
NR7734.A07064,T:G,G:G,C:C,C:C,?
IITA-TMS-IBA8900963.A07029,G:G,G:G,T:C,C:C,T:C
95NA-00063.A06995,T:G,G:G,C:C,C:C,C:C
ABBEY-IFE.A06745,T:G,A:G,C:C,C:C,T:C
TMEB1269.A06150,Uncallable,Uncallable,T:C,C:C,C:C
IITA-TMS-IBA070593.A08377,T:T,A:G,T:T,A:A,C:C
IITA-TMS-IBA070593.A08287,T:T,A:G,T:T,A:A,C:C
IITA-TMS-IBA070593.A08231,T:T,A:G,T:T,A:A,C:C
IITA-TMS-IBA070593.A08135,T:T,A:G,T:T,A:A,C:C
IITA-TMS-IBA070593.A08045,T:T,A:G,T:T,A:A,C:C
IITA-TMS-IBA070593.A08012,T:T,A:G,T:T,A:A,C:C
IITA-TMS-IBA070910.A07916,T:T,A:G,T:T,A:A,C:C
