FacilityMarkerName,FacilitySampleName,SNPcall,Xvalue,Yvalue
snpME0001,FID0001,T:T,1.36,.58
snpME0001,FID0002,T:T,1.25,.49
snpME0001,FID0003,T:G,1.57,1.38
snpME0001,FID0005,Uncallable,.65,.58
snpME0002,FID0001,A:A,1.43,.59
snpME0002,FID0002,A:G,1.25,1.43
snpME0002,FID0003,A:G,1.22,1.41
snpME0002,FID0005,A:A,1.65,.62
snpME0003,FID0001,T:T,1.75,.75
snpME0003,FID0002,T:T,1.21,.61
snpME0003,FID0003,T:T,1.17,.46
snpME0003,FID0005,T:C,1.26,1.31
snpME0004,FID0001,A:A,1.75,.32
snpME0004,FID0002,A:A,1.38,.59
snpME0004,FID0003,A:C,1.36,1.47
snpME0004,FID0005,A:C,1.32,1.46
snpME0005,FID0001,C:C,1.76,.38
snpME0005,FID0002,C:C,1.47,.24
snpME0005,FID0003,C:T,1.86,1.48
snpME0005,FID0005,C:T,1.11,1.23
